{
    "threshold": 0.34318183243190814,
    "seq_length": 100,
    "mean": 38.2827560498615,
    "std": 15.639293830231871
}